snp_name,p_value,chromosome_number,position_in_bp
AX-115632171,1.43877429768159e-08,1,27697704
AX-115240273,5.90493203491572e-08,1,27698606
AX-115183678,7.57387888907997e-09,1,27727752
AX-115182989,7.57387888907997e-09,1,27750033
AX-115662749,2.5931783224061e-08,1,27796575
AX-115481270,4.50204135634903e-08,1,27800199
AX-115489951,1.42376955593514e-09,1,27809725
AX-115495500,3.1748368409404e-08,1,27835252
AX-115253586,1.50863174043828e-07,1,27846984
AX-115445610,3.33893955930257e-08,1,28045977
AX-115183714,5.7845159179081e-10,1,28379456
AX-115183717,5.7845159179081e-10,1,28380495
AX-115419118,4.20969384430417e-08,1,28417827
AX-115648808,1.79699119911389e-08,1,28423537
AX-115270858,4.31334076685458e-08,1,28427695
AX-115270855,1.8267857658402e-08,1,28434161
AX-115297658,1.37429772700093e-07,1,28455750
AX-115393573,2.69691983213842e-08,1,28611261
AX-115662701,7.19553061649934e-10,1,29059229
AX-115658246,2.66236258785527e-09,1,29063853
AX-115183742,5.68714605310991e-10,1,29423322
AX-115183752,5.68714605310991e-10,1,29560923
