Genotype,Envir,Management,Row,Position,Scab_fruits,R,P,Scab_fruits_spats_residuals,Scab_fruits_spats_geno_pred_values,Scab_fruits_spats_adj_pheno
101,FRA_2023_1,1,7,27,0,7,27,-6.96151433686454e-08,-0.369902077458319,-0.369902147073463
1015,FRA_2023_1,1,4,26,1,4,26,1.27216795986485e-08,0.636037188050292,0.636037200771971
1020,FRA_2023_1,1,14,26,0,14,26,-1.30071370341156e-11,0.480452833275189,0.480452833262182
112,FRA_2023_1,1,1,43,1,1,43,1.64637192767714e-11,0.480812893081486,0.48081289309795
1125,FRA_2023_1,1,14,18,0,14,18,-1.2969198631696e-11,0.480453296608965,0.480453296595996
114,FRA_2023_1,1,10,34,0,10,34,1.21118033311052e-09,0.49540918279287,0.49540918400405
12_196,FRA_2023_1,1,6,10,1,6,10,1.21088694626792e-09,0.49540559971894,0.495405600929827
12_197,FRA_2023_1,1,6,25,1,6,25,1.21131316088707e-09,0.49541080603679,0.495410807248103
12_204,FRA_2023_1,1,10,22,0,10,22,1.21103831476899e-09,0.495407447766071,0.495407448977109
12_B020,FRA_2023_1,1,13,13,0,13,13,1.21078275530651e-09,0.495404325487063,0.495404326697846
12_B064,FRA_2023_1,1,2,1,1,2,1,1.21000287567341e-09,0.495394795509828,0.49539479671983
12_B074,FRA_2023_1,1,7,20,1,7,20,1.22353702725064e-08,0.63009576545501,0.630095777690381
12_B081,FRA_2023_1,1,1,42,1,1,42,1.64150915082928e-11,0.480812292865732,0.480812292882147
12_B095,FRA_2023_1,1,7,43,1,7,43,1.2235928048554e-08,0.630102584087523,0.630102596323451
12_F002,FRA_2023_1,1,2,22,1,2,22,1.21094745342276e-09,0.495406336902886,0.495406338113833
12_F045,FRA_2023_1,1,14,32,0,14,32,-1.30355067018417e-11,0.480452485774862,0.480452485761827
12_F046,FRA_2023_1,1,12,22,0,12,22,1.95576906449405e-10,0.483001183681431,0.483001183877007
12_F054,FRA_2023_1,1,14,3,0,14,3,-1.28981339497792e-11,0.480454165359788,0.48045416534689
12_I005,FRA_2023_1,1,10,19,0,10,19,1.21100294375731e-09,0.49540701400937,0.495407015220373
12_J001,FRA_2023_1,1,10,39,0,10,39,1.21123964330616e-09,0.4954099057207,0.49540990693194
12_J004,FRA_2023_1,1,12,12,0,12,12,1.95541668360916e-10,0.483000750337203,0.483000750532745
12_J011,FRA_2023_1,1,1,22,1,1,22,1.54323220868946e-11,0.480800288551441,0.480800288566874
12_J019,FRA_2023_1,1,13,8,0,13,8,1.21078573035727e-09,0.495404361942811,0.495404363153597
12_K016,FRA_2023_1,1,14,21,0,14,21,-1.29834441808807e-11,0.480453122858796,0.480453122845813
12_L012,FRA_2023_1,1,9,33,0,9,33,-7.09397728060335e-10,0.471944774694386,0.471944773984988
12_L013,FRA_2023_1,1,8,28,0,8,28,-1.83331504838291e-09,0.458213461891769,0.458213460058454
12_L018,FRA_2023_1,1,10,25,0,10,25,1.21107393905029e-09,0.49540788152277,0.495407882733844
12_L021,FRA_2023_1,1,14,13,0,14,13,-1.2945443328416e-11,0.480453586192571,0.480453586179626
12_N034,FRA_2023_1,1,2,8,1,2,8,1.2103178459455e-09,0.495398642640848,0.495398643851166
12_N039,FRA_2023_1,1,14,11,0,14,11,-1.29359786771311e-11,0.480453702026015,0.480453702013079
12_N041,FRA_2023_1,1,11,5,0,11,5,1.21066026474714e-09,0.495402828957035,0.495402830167695
12_N054,FRA_2023_1,1,1,1,1,1,1,1.44007028524129e-11,0.480787684021368,0.480787684035768
12_O010,FRA_2023_1,1,10,41,0,10,41,1.21126318003428e-09,0.495410194891826,0.495410196103089
12_P025,FRA_2023_1,1,10,21,0,10,21,1.21102652558824e-09,0.495407303180501,0.495407304391527
12_P027,FRA_2023_1,1,14,24,0,14,24,-1.29976827911716e-11,0.480452949108633,0.480452949095635
12_P034,FRA_2023_1,1,3,13,1,3,13,7.59317053677933e-11,0.481539432749035,0.481539432824966
12_P056,FRA_2023_1,1,13,36,0,13,36,1.21076906486883e-09,0.495404157790615,0.495404159001384
1236,FRA_2023_1,1,13,25,0,13,25,1.21077560651106e-09,0.495404237993269,0.495404239204045
13_10,FRA_2023_1,1,4,25,1,4,25,1.27216428502663e-08,0.636036739711291,0.636036752432934
13_109,FRA_2023_1,1,2,31,1,2,31,1.21135235175984e-09,0.495411283214192,0.495411284425545
13_32,FRA_2023_1,1,14,1,0,14,1,-1.28886623596003e-11,0.480454281193232,0.480454281180343
13_35,FRA_2023_1,1,6,40,1,6,40,1.21173915346162e-09,0.495416012354613,0.495416013566352
130,FRA_2023_1,1,5,18,1,5,18,1.20985788054639e-09,0.495393026834605,0.495393028044463
135,FRA_2023_1,1,3,30,1,3,30,7.66260388473938e-11,0.481547915146774,0.4815479152234
141,FRA_2023_1,1,1,10,1,1,10,1.48427936608186e-11,0.48079308596283,0.480793085977672
1446,FRA_2023_1,1,7,37,1,7,37,1.22357822762709e-08,0.63010080531383,0.630100817549613
1448,FRA_2023_1,1,7,71,1,7,71,1.22366079491343e-08,0.630110885031401,0.630110897268009
1478,FRA_2023_1,1,6,17,1,6,17,1.21108623130084e-09,0.495408029333937,0.495408030545023
15,FRA_2023_1,1,11,15,0,11,15,1.21073726738752e-09,0.495403768556983,0.49540376976772
170,FRA_2023_1,1,14,7,0,14,7,-1.29172332552497e-11,0.480453933692902,0.480453933679985
1870,FRA_2023_1,1,12,40,0,12,40,1.95640969787372e-10,0.483001963701033,0.483001963896674
1872,FRA_2023_1,1,12,31,0,12,31,1.9560880909833e-10,0.483001573691227,0.483001573886835
1887,FRA_2023_1,1,6,18,1,6,18,1.21111420892106e-09,0.495408376421794,0.495408377632908
192,FRA_2023_1,1,12,25,0,12,25,1.95587643520359e-10,0.483001313684697,0.483001313880285
1951,FRA_2023_1,1,4,7,1,4,7,1.27209822675667e-08,0.636028669609269,0.636028682330251
1952,FRA_2023_1,1,1,37,1,1,37,1.61688440414309e-11,0.480809291787199,0.480809291803368
2003,FRA_2023_1,1,13,4,0,13,4,1.21078810519371e-09,0.49540439110741,0.495404392318198
202,FRA_2023_1,1,11,39,0,11,39,1.21092189227234e-09,0.495406023596848,0.49540602480777
206,FRA_2023_1,1,8,26,0,8,26,-1.83335533213147e-09,0.458212970218346,0.458212968384991
216,FRA_2023_1,1,9,19,0,9,19,-7.09621358202517e-10,0.471942041738436,0.471942041028815
236,FRA_2023_1,1,8,34,0,8,34,-1.83319439142626e-09,0.458214936912034,0.45821493507884
249,FRA_2023_1,1,8,33,0,8,33,-1.83321450727969e-09,0.458214691075325,0.458214689242111
25,FRA_2023_1,1,2,6,1,2,6,1.2102276958359e-09,0.495397543460556,0.495397544670784
26,FRA_2023_1,1,14,41,0,14,41,-1.30782641660776e-11,0.480451964524349,0.480451964511271
262,FRA_2023_1,1,7,40,1,7,40,1.22358552179236e-08,0.630101694700673,0.630101706936528
2625,FRA_2023_1,1,9,11,0,9,11,-7.09749242017166e-10,0.471940480049321,0.471940479339572
2651,FRA_2023_1,1,2,3,1,2,3,1.21009280373841e-09,0.495395894690119,0.495395895900212
2652,FRA_2023_1,1,1,17,1,1,17,1.51865187092426e-11,0.480797287472853,0.480797287488039
267,FRA_2023_1,1,6,36,1,6,36,1.21162579969081e-09,0.495414624003201,0.495414625214827
2722,FRA_2023_1,1,12,23,0,12,23,1.95580513806873e-10,0.483001227015853,0.483001227211434
2784,FRA_2023_1,1,1,11,1,1,11,1.48921985854145e-11,0.480793686178547,0.480793686193439
2796,FRA_2023_1,1,11,42,0,11,42,1.21094477847916e-09,0.49540630547686,0.495406306687805
2810,FRA_2023_1,1,2,4,1,2,4,1.21013787879321e-09,0.495396444280265,0.495396445490402
2823,FRA_2023_1,1,11,32,0,11,32,1.21086803951675e-09,0.495405365876895,0.495405367087763
2831,FRA_2023_1,1,3,9,1,3,9,7.57687246277783e-11,0.48153743689074,0.481537436966508
2836,FRA_2023_1,1,1,31,1,1,31,1.58741908506954e-11,0.480805690492897,0.480805690508771
2849,FRA_2023_1,1,5,37,1,5,37,1.21047627477111e-09,0.495400583389748,0.495400584600224
2855,FRA_2023_1,1,3,43,1,3,43,7.71567254531647e-11,0.481554401686209,0.481554401763365
2856,FRA_2023_1,1,2,10,1,2,10,1.21040755196589e-09,0.49539974182114,0.495399743031548
286,FRA_2023_1,1,12,2,0,12,2,1.95506185676417e-10,0.483000316992978,0.483000317188484
2872,FRA_2023_1,1,3,38,1,3,38,7.69526664612386e-11,0.481551906863341,0.481551906940293
29,FRA_2023_1,1,10,7,0,10,7,1.21086076582122e-09,0.495405278982566,0.495405280193427
290,FRA_2023_1,1,12,3,0,12,3,1.95509709333477e-10,0.483000360327401,0.48300036052291
2971,FRA_2023_1,1,7,26,1,7,26,1.22355154896781e-08,0.630097544228715,0.63009755646423
2974,FRA_2023_1,1,5,23,1,5,23,1.2100205282195e-09,0.49539501540175,0.49539501661177
2975,FRA_2023_1,1,8,22,0,8,22,-1.83343588922025e-09,0.458211986871501,0.458211985038065
2980,FRA_2023_1,1,10,31,0,10,31,1.21114480250428e-09,0.495408749036166,0.49540875024731
2997,FRA_2023_1,1,12,17,0,12,17,1.95559317871241e-10,0.483000967009319,0.483000967204878
30,FRA_2023_1,1,4,23,1,4,23,1.27215695755467e-08,0.636035843033289,0.636035855754858
3013,FRA_2023_1,1,6,4,1,6,4,1.21071641601134e-09,0.495403517191798,0.495403518402515
3026,FRA_2023_1,1,13,6,0,13,6,1.21078702272626e-09,0.495404376525111,0.495404377735898
308,FRA_2023_1,1,7,21,0,7,21,-6.96152890264368e-08,-0.369903856232021,-0.36990392584731
32,FRA_2023_1,1,4,24,0,4,24,-6.91290771535902e-08,-0.363963626777026,-0.363963695906103
323,FRA_2023_1,1,4,19,1,4,19,1.27214228040629e-08,0.636034049677284,0.636034062398707
324,FRA_2023_1,1,5,3,1,5,3,1.20936971548247e-09,0.495387061133168,0.495387062342538
327,FRA_2023_1,1,3,26,1,3,26,7.64623919735641e-11,0.481545919288486,0.481545919364949
334,FRA_2023_1,1,2,34,1,2,34,1.21148713283503e-09,0.495412931984618,0.495412933196105
338,FRA_2023_1,1,12,29,0,12,29,1.95601771758869e-10,0.483001487022388,0.48300148721799
37,FRA_2023_1,1,7,35,1,7,35,1.22357340925916e-08,0.630100212389263,0.630100224624997
410,FRA_2023_1,1,3,7,1,3,7,7.5686568123956e-11,0.481536438961593,0.481536439037279
440,FRA_2023_1,1,14,39,0,14,39,-1.30687162480658e-11,0.480452080357801,0.480452080344732
445,FRA_2023_1,1,8,13,0,8,13,-1.83361696659556e-09,0.458209774341095,0.458209772507478
465,FRA_2023_1,1,14,5,0,14,5,-1.29074355370573e-11,0.480454049526345,0.480454049513437
472,FRA_2023_1,1,7,13,1,7,13,1.22352001863391e-08,0.630093690219021,0.630093702454221
491,FRA_2023_1,1,11,22,0,11,22,1.21079113402089e-09,0.495404426276946,0.495404427487737
50,FRA_2023_1,1,3,14,1,3,14,7.59725615750995e-11,0.481539931713607,0.48153993178958
508,FRA_2023_1,1,11,36,0,11,36,1.2108987163667e-09,0.495405741716862,0.495405742927761
51,FRA_2023_1,1,7,18,1,7,18,1.22353215337156e-08,0.630095172530442,0.630095184765763
515,FRA_2023_1,1,6,20,1,6,20,1.21117116336222e-09,0.495409070597507,0.495409071808678
52,FRA_2023_1,1,9,24,0,9,24,-7.09541512350365e-10,0.471943017794131,0.471943017084589
522,FRA_2023_1,1,4,14,1,4,14,1.27212392841969e-08,0.636031807982278,0.636031820703517
533,FRA_2023_1,1,3,42,1,3,42,7.71160912904634e-11,0.481553902721599,0.481553902798716
549,FRA_2023_1,1,6,8,1,6,8,1.21083021387136e-09,0.495404905543226,0.495404906754056
567,FRA_2023_1,1,3,6,1,3,6,7.56457119166498e-11,0.481535939997019,0.481535940072665
570,FRA_2023_1,1,8,7,0,8,7,-1.83373759579664e-09,0.458208299320825,0.458208297487087
577,FRA_2023_1,1,11,17,0,11,17,1.21075257805692e-09,0.495403956476973,0.495403957687726
629,FRA_2023_1,1,3,1,1,3,1,7.54416529247237e-11,0.481533445174151,0.481533445249593
65,FRA_2023_1,1,6,6,1,6,6,-6.99802993331389e-09,0.495404219576316,0.495404212578286
65,FRA_2023_1,1,13,43,0,13,43,-1.11612994463037e-07,0.495404219576316,0.495404107963321
65,FRA_2023_1,1,11,20,0,11,20,1.99914166332249e-08,0.495404219576316,0.495404239567732
65,FRA_2023_1,1,13,14,0,13,14,9.98303816071577e-08,0.495404219576316,0.495404319406697
676,FRA_2023_1,1,7,41,1,7,41,1.22358798648747e-08,0.630101991162958,0.630102003398838
739,FRA_2023_1,1,11,41,0,11,41,3.37707645984772e-07,0.49540587502012,0.495406212727766
739,FRA_2023_1,1,10,11,0,10,11,-1.64843789070279e-08,0.49540587502012,0.495405858535742
739,FRA_2023_1,1,11,34,0,11,34,-3.20012357831606e-07,0.49540587502012,0.495405555007763
740,FRA_2023_1,1,4,20,1,4,20,1.27214592193781e-08,0.636034498016286,0.636034510737745
748,FRA_2023_1,1,6,31,1,6,31,1.21148380216596e-09,0.495412888563927,0.495412889775411
757,FRA_2023_1,1,1,8,1,1,8,1.47443168785344e-11,0.480791885531394,0.480791885546138
764,FRA_2023_1,1,10,5,0,10,5,1.21083710766245e-09,0.495404989811432,0.495404991022269
779,FRA_2023_1,1,12,21,0,12,21,1.95573543037425e-10,0.483001140347005,0.483001140542578
7828,FRA_2023_1,1,11,13,0,11,13,1.21072170344849e-09,0.495403580636992,0.495403581847714
787,FRA_2023_1,1,2,42,1,2,42,1.21184740020652e-09,0.495417328705734,0.495417329917581
810,FRA_2023_1,1,10,20,0,10,20,1.21101457681294e-09,0.495407158594937,0.495407159805952
94,FRA_2023_1,1,3,31,1,3,31,7.6667117099305e-11,0.481548414111351,0.481548414188018
953,FRA_2023_1,1,6,21,1,6,21,1.21119969609396e-09,0.495409417685366,0.495409418896566
ACW_25363,FRA_2023_1,1,10,3,0,10,3,1.21081348419816e-09,0.495404700640299,0.495404701851112
ACW_25365,FRA_2023_1,1,8,30,0,8,30,-1.83327485830942e-09,0.458213953565191,0.458213951731916
ACW_25371,FRA_2023_1,1,8,38,0,8,38,-1.83311385168472e-09,0.458215920258877,0.458215918425763
ACW_25586,FRA_2023_1,1,11,24,0,11,24,1.21080655744732e-09,0.495404614196934,0.495404615407741
ACW_25619,FRA_2023_1,1,5,9,1,5,9,1.20956467064559e-09,0.495389447413743,0.495389448623308
ACW_25628,FRA_2023_1,1,2,29,1,2,29,1.21126231267255e-09,0.495410184033898,0.49541018524516
DLO_12_120,FRA_2023_1,1,14,43,0,14,43,-1.30878259618771e-11,0.480451848690901,0.480451848677813
DLO_12_141,FRA_2023_1,1,5,10,1,5,10,1.20959731120252e-09,0.495389845127174,0.495389846336771
DLO_12_259,FRA_2023_1,1,6,30,1,6,30,1.21145515841192e-09,0.495412541476068,0.495412542687523
FuGa_015,FRA_2023_1,1,3,41,1,3,41,7.70752350831572e-11,0.481553403757064,0.481553403834139
FuGa_140,FRA_2023_1,1,4,34,0,4,34,-6.91287099924276e-08,-0.363959143387029,-0.363959212515739
FuGa_243,FRA_2023_1,1,2,20,0,2,20,-8.06398258203222e-08,-0.504594680426722,-0.504594761066548
FuGa_352,FRA_2023_1,1,1,41,1,1,41,1.63653535167896e-11,0.480811692650053,0.480811692666418
FuPi_052,FRA_2023_1,1,11,8,0,11,8,1.2106833313652e-09,0.495403110837018,0.495403112047702
FuPi_087,FRA_2023_1,1,9,10,0,9,10,-7.0976505922582e-10,0.471940284838182,0.471940284128417
FuPi_097,FRA_2023_1,1,14,40,0,14,40,-1.30734832681778e-11,0.480452022441083,0.480452022428009
FuPi_107,FRA_2023_1,1,4,36,1,4,36,1.27220464163358e-08,0.636041671440291,0.636041684162338
GaCr_055,FRA_2023_1,1,5,31,1,5,31,1.21028109756338e-09,0.495398197109179,0.49539819831946
GaCr_057,FRA_2023_1,1,11,19,0,11,19,1.21076802750419e-09,0.495404144396962,0.49540414560773
GaCr_061,FRA_2023_1,1,6,23,1,6,23,1.21125653951282e-09,0.495410111861077,0.495410113072333
GaPi_007,FRA_2023_1,1,3,76,1,3,76,7.85046472273621e-11,0.481570867516874,0.481570867595379
GaPi_014,FRA_2023_1,1,3,19,1,3,19,7.61766205670256e-11,0.481542426536474,0.481542426612651
GaPi_017,FRA_2023_1,1,6,42,1,6,42,1.21179632994739e-09,0.495416706530304,0.4954167077421
GaPi_023,FRA_2023_1,1,11,2,0,11,2,1.21063721547632e-09,0.49540254707705,0.495402548287688
GaPi_033,FRA_2023_1,1,7,29,1,7,29,1.22355882092862e-08,0.630098433615564,0.630098445851152
GaPi_035,FRA_2023_1,1,1,29,1,1,29,1.57762691799235e-11,0.480804490061458,0.480804490077235
GaPi_038,FRA_2023_1,1,9,20,0,9,20,-7.09605322418705e-10,0.471942236949575,0.47194223623997
GaPi_051,FRA_2023_1,1,1,36,1,1,36,1.61203272952548e-11,0.480808691571475,0.480808691587595
GaPi_056,FRA_2023_1,1,13,22,0,13,22,1.21077745919573e-09,0.495404259866718,0.495404261077496
I_BB015,FRA_2023_1,1,6,27,1,6,27,1.21137000430593e-09,0.495411500212501,0.49541150142387
I_BB022,FRA_2023_1,1,13,26,0,13,26,1.21077494037725e-09,0.495404230702119,0.495404231912894
I_BB031,FRA_2023_1,1,9,13,0,9,13,-7.09717052488346e-10,0.471940870471599,0.471940869761882
I_BB049,FRA_2023_1,1,7,15,1,7,15,1.22352484810406e-08,0.630094283143589,0.630094295378838
I_BB056,FRA_2023_1,1,12,24,0,12,24,1.95584174507088e-10,0.483001270350275,0.483001270545859
I_CC052,FRA_2023_1,1,8,31,0,8,31,-1.83325471470042e-09,0.4582141994019,0.458214197568645
I_CC055,FRA_2023_1,1,9,21,0,9,21,-7.09589467046135e-10,0.471942432160712,0.471942431451122
I_J036,FRA_2023_1,1,5,16,1,5,16,1.20979304352176e-09,0.495392231407748,0.495392232617541
I_M026,FRA_2023_1,1,5,30,1,5,30,1.21024867905106e-09,0.495397799395747,0.495397800605996
I_M029,FRA_2023_1,1,14,23,0,14,23,-1.29928776071431e-11,0.480453007025356,0.480453007012363
I_M048,FRA_2023_1,1,5,42,1,5,42,1.21063925551113e-09,0.495402571956842,0.495402573167481
I_W002,FRA_2023_1,1,12,1,0,12,1,1.95502579403151e-10,0.483000273658556,0.483000273854058
I_W010,FRA_2023_1,1,7,10,1,7,10,1.2235127133664e-08,0.630092800832168,0.630092813067295
I_W036,FRA_2023_1,1,9,4,0,9,4,-7.09860951270125e-10,0.471939113571347,0.471939112861486
I_W045,FRA_2023_1,1,1,35,1,1,35,1.6070922370659e-11,0.480808091355758,0.480808091371829
JoPr_1990_102_108,FRA_2023_1,1,4,29,1,4,29,1.27217896217502e-08,0.63603853306729,0.63603854578908
JoPr_1990_102_169,FRA_2023_1,1,1,7,1,1,7,1.46960221769632e-11,0.480791285315675,0.480791285330371
Modi,FRA_2023_1,1,2,16,1,2,16,6.2449127091746e-08,0.495402978123564,0.495403040572691
Modi,FRA_2023_1,1,5,43,1,5,43,-7.24258786277687e-09,0.495402978123564,0.495402970880976
Modi,FRA_2023_1,1,11,6,0,11,6,-5.39958668731994e-08,0.495402978123564,0.495402924127697
NOVADI_0010,FRA_2023_1,1,4,12,1,4,12,1.2721165565388e-08,0.636030911304277,0.636030924025443
NOVADI_0023,FRA_2023_1,1,10,71,0,10,71,1.21161831609373e-09,0.495414532458849,0.495414533670467
NOVADI_0042,FRA_2023_1,1,12,10,0,12,10,1.95534482702597e-10,0.483000663668358,0.483000663863893
NOVADI_0114,FRA_2023_1,1,13,10,0,13,10,1.21078460452173e-09,0.495404347360512,0.495404348571296
NOVADI_0256,FRA_2023_1,1,10,6,0,10,6,1.21084893500711e-09,0.495405134396999,0.495405135607848
NOVADI_0286,FRA_2023_1,1,1,39,1,1,39,1.62676538906226e-11,0.480810492218616,0.480810492234884
NOVADI_0296,FRA_2023_1,1,6,29,1,6,29,1.21142662568019e-09,0.495412194388212,0.495412195599638
NOVADI_0329,FRA_2023_1,1,8,12,0,8,12,-1.83363694714056e-09,0.458209528504383,0.458209526670746
NOVADI_0330,FRA_2023_1,1,11,12,0,11,12,1.21071427709729e-09,0.495403486676997,0.495403487887711
NOVADI_0347,FRA_2023_1,1,6,13,1,6,13,1.21097210037391e-09,0.495406640982511,0.495406642193483
NOVADI_0356,FRA_2023_1,1,14,38,0,14,38,-1.30639978002111e-11,0.480452138274528,0.480452138261464
NOVADI_0371,FRA_2023_1,1,3,11,1,3,11,7.58499929531808e-11,0.481538434819888,0.481538434895738
NOVADI_0622,FRA_2023_1,1,14,37,0,14,37,-1.30593313940608e-11,0.480452196191234,0.480452196178175
NOVADI_0731,FRA_2023_1,1,2,5,1,2,5,1.2101828428257e-09,0.495396993870411,0.495396995080593
NOVADI_0766,FRA_2023_1,1,2,14,1,2,14,1.21058740809588e-09,0.495401940181721,0.495401941392309
NOVADI_0830,FRA_2023_1,1,2,2,1,2,2,1.21004772868361e-09,0.495395345099974,0.495395346310021
NOVADI_0980,FRA_2023_1,1,8,25,0,8,25,-1.83337542369877e-09,0.458212724381635,0.458212722548259
NOVADI_1015,FRA_2023_1,1,1,40,1,1,40,1.63163926814036e-11,0.480811092434327,0.480811092450643
TeBr_022,FRA_2023_1,1,8,10,0,8,10,-1.83367735925866e-09,0.45820903683096,0.458209034997283
TeBr_071,FRA_2023_1,1,1,21,1,1,21,1.53830281846012e-11,0.480799688335727,0.48079968835111
TeBr_263,FRA_2023_1,1,14,19,0,14,19,-1.2973969121255e-11,0.480453238692243,0.480453238679269
101,FRA_2023_2,2,17,24,1,17,24,0.0328825722601651,0.595859100516772,0.628741672776937
101,FRA_2023_2,2,19,81,1,19,81,0.0246589478357697,0.595859100516772,0.620518048352541
1015,FRA_2023_2,2,20,72,0,20,72,-0.000470548792448588,0.587510758017221,0.587040209224772
1020,FRA_2023_2,2,19,55,1,19,55,0.0252154522555172,0.590502304897993,0.61571775715351
1020,FRA_2023_2,2,20,11,0,20,11,-0.00489794356954699,0.590502304897993,0.585604361328446
112,FRA_2023_2,2,20,66,0,20,66,-0.00126529552221693,0.587464051621627,0.586198756099411
112,FRA_2023_2,2,21,27,0,21,27,0.000470187137389689,0.587464051621627,0.587934238759017
1125,FRA_2023_2,2,19,44,1,19,44,0.0234746524867073,0.590286260778611,0.613760913265318
1125,FRA_2023_2,2,20,13,0,20,13,-0.00465841981297692,0.590286260778611,0.585627840965634
114,FRA_2023_2,2,19,1,1,19,1,0.0168305195593581,0.588915578119672,0.60574609767903
114,FRA_2023_2,2,21,72,0,21,72,-0.00753906822261099,0.588915578119672,0.581376509897061
12_196,FRA_2023_2,2,18,85,1,18,85,0.00282110001596625,0.587220827453169,0.590041927469135
12_196,FRA_2023_2,2,21,64,0,21,64,-0.00530635674062401,0.587220827453169,0.581914470712545
12_197,FRA_2023_2,2,17,40,1,17,40,0.0434393779585215,0.593829703620636,0.637269081579158
12_204,FRA_2023_2,2,20,54,0,20,54,-0.00131306121372063,0.58738951458654,0.58607645337282
12_B020,FRA_2023_2,2,21,10,0,21,10,-0.00330062884814995,0.594012794987492,0.590712166139342
12_B020,FRA_2023_2,2,19,52,1,19,52,0.0211435358159118,0.594012794987492,0.615156330803403
12_B020,FRA_2023_2,2,19,83,1,19,83,0.0268687605485307,0.594012794987492,0.620881555536022
12_B064,FRA_2023_2,2,20,47,0,20,47,0.000641462984971549,0.585356392909627,0.585997855894599
12_B064,FRA_2023_2,2,18,83,1,18,83,0.00396185076491196,0.585356392909627,0.589318243674539
12_B064,FRA_2023_2,2,18,16,1,18,16,-0.0200444003513816,0.585356392909627,0.565311992558246
12_B074,FRA_2023_2,2,21,74,0,21,74,-0.00872754363192513,0.589020955271167,0.580293411639242
12_B074,FRA_2023_2,2,19,12,1,19,12,0.0187512536861532,0.589020955271167,0.607772208957321
12_B081,FRA_2023_2,2,17,47,1,17,47,0.0419472909919235,0.599040971405473,0.640988262397397
12_B081,FRA_2023_2,2,17,39,1,17,39,0.0377048352751486,0.599040971405473,0.636745806680622
12_B095,FRA_2023_2,2,21,48,0,21,48,-0.00519317396805075,0.589771847981993,0.584578674013942
12_B095,FRA_2023_2,2,19,25,1,19,25,0.0204347868180198,0.589771847981993,0.610206634800013
12_E014,FRA_2023_2,2,17,1,1,17,1,0.0258028057876996,0.590719746950298,0.616522552737997
12_E014,FRA_2023_2,2,20,45,0,20,45,-0.00397430694790929,0.590719746950298,0.586745440002389
12_F002,FRA_2023_2,2,18,73,1,18,73,-0.000157516925026968,0.585889310022455,0.585731793097428
12_F002,FRA_2023_2,2,18,41,1,18,41,-0.0115803646075909,0.585889310022455,0.574308945414864
12_F045,FRA_2023_2,2,19,56,1,19,56,0.0240847703938937,0.591044440209245,0.615129210603139
12_F046,FRA_2023_2,2,21,71,0,21,71,-0.00837830039738561,0.589216012739558,0.580837712342172
12_F046,FRA_2023_2,2,19,19,1,19,19,0.0197574516417754,0.589216012739558,0.608973464381333
12_F052,FRA_2023_2,2,17,50,1,17,50,0.0515862601825732,0.590998411204038,0.642584671386611
12_F052,FRA_2023_2,2,18,10,1,18,10,-0.0278213422409594,0.590998411204038,0.563177068963079
12_F054,FRA_2023_2,2,21,62,0,21,62,-0.00436567424423818,0.587360412357481,0.582994738113243
12_F054,FRA_2023_2,2,21,13,0,21,13,0.00285038360389059,0.587360412357481,0.590210795961372
12_I005,FRA_2023_2,2,20,56,0,20,56,-0.00196557011566584,0.58729561399134,0.585330043875674
12_J001,FRA_2023_2,2,19,78,1,19,78,0.0265851295051185,0.593370583347597,0.619955712852715
12_J001,FRA_2023_2,2,19,8,1,19,8,0.013663852646207,0.593370583347597,0.607034435993804
12_J004,FRA_2023_2,2,17,5,1,17,5,0.0197806913300185,0.598860477490405,0.618641168820423
12_J004,FRA_2023_2,2,17,78,1,17,78,0.0586171948965335,0.598860477490405,0.657477672386938
12_J011,FRA_2023_2,2,20,74,0,20,74,-0.000937626958559002,0.587242082144516,0.586304455185957
12_J011,FRA_2023_2,2,20,33,0,20,33,-0.00139993234967147,0.587242082144516,0.585842149794844
12_J019,FRA_2023_2,2,20,57,0,20,57,-0.0012352211456311,0.587344223997813,0.586109002852182
12_J019,FRA_2023_2,2,21,33,0,21,33,-0.000392561314061129,0.587344223997813,0.586951662683752
12_K016,FRA_2023_2,2,21,77,0,21,77,-0.0061391278135117,0.586625934199759,0.580486806386247
12_K016,FRA_2023_2,2,21,38,0,21,38,-0.000480002000313167,0.586625934199759,0.586145932199446
12_L012,FRA_2023_2,2,17,59,1,17,59,0.0547196966438982,0.592653433345649,0.647373129989547
12_L012,FRA_2023_2,2,18,38,1,18,38,-0.0194541414804517,0.592653433345649,0.573199291865197
12_L013,FRA_2023_2,2,21,15,0,21,15,-0.000968473890987427,0.591553327695758,0.590584853804771
12_L013,FRA_2023_2,2,19,79,1,19,79,0.0285894691014382,0.591553327695758,0.620142796797197
12_L018,FRA_2023_2,2,21,47,0,21,47,-0.00238827242752625,0.587064231716661,0.584675959289135
12_L018,FRA_2023_2,2,20,36,0,20,36,-0.00118515750689163,0.587064231716661,0.585879074209769
12_L021,FRA_2023_2,2,20,67,0,20,67,-0.0035972415239928,0.589807576665282,0.586210335141289
12_L021,FRA_2023_2,2,19,18,1,19,18,0.0190871305840408,0.589807576665282,0.608894707249322
12_N034,FRA_2023_2,2,20,26,0,20,26,-0.00923311743394027,0.595009860571604,0.585776743137664
12_N034,FRA_2023_2,2,17,75,1,17,75,0.0608733264367507,0.595009860571604,0.655883187008355
12_N039,FRA_2023_2,2,20,83,0,20,83,-0.000727229138186727,0.587120470988846,0.586393241850659
12_N039,FRA_2023_2,2,20,58,0,20,58,-0.000993980065806168,0.587120470988846,0.58612649092304
12_N039,FRA_2023_2,2,20,16,0,20,16,-0.00146141782165628,0.587120470988846,0.58565905316719
12_N041,FRA_2023_2,2,17,23,1,17,23,0.0327100898480395,0.595418439943625,0.628128529791664
12_N041,FRA_2023_2,2,19,63,1,19,63,0.0217693096500454,0.595418439943625,0.61718774959367
12_N054,FRA_2023_2,2,21,19,0,21,19,0.105592880866217,0.483548207095199,0.589141087961416
12_N054,FRA_2023_2,2,17,72,0,17,72,-0.828492183177704,0.483548207095199,-0.344943976082505
12_O010,FRA_2023_2,2,17,37,1,17,37,0.0371208877415011,0.599235732457626,0.636356620199127
12_O010,FRA_2023_2,2,17,51,1,17,51,0.0438846199392884,0.599235732457626,0.643120352396914
12_P025,FRA_2023_2,2,17,82,1,17,82,0.0589576354310443,0.600579181254236,0.659536816685281
12_P025,FRA_2023_2,2,17,30,1,17,30,0.0313834073144814,0.600579181254236,0.631962588568718
12_P027,FRA_2023_2,2,19,73,1,19,73,0.0274964249015232,0.591535401156951,0.619031826058474
12_P034,FRA_2023_2,2,20,78,0,20,78,0.000704026563577027,0.585631733152009,0.586335759715586
12_P034,FRA_2023_2,2,18,33,1,18,33,-0.0142317923939634,0.585631733152009,0.571399940758045
12_P056,FRA_2023_2,2,18,61,1,18,61,-0.00460221665956651,0.586703173539779,0.582100956880213
12_P056,FRA_2023_2,2,20,43,0,20,43,-0.0014801821906676,0.586703173539779,0.585222991349112
1236,FRA_2023_2,2,20,9,0,20,9,-0.00115827774340689,0.586740055891564,0.585581778148157
1236,FRA_2023_2,2,21,63,0,21,63,-0.00466782813219336,0.586740055891564,0.58207222775937
13_10,FRA_2023_2,2,18,34,1,18,34,-0.0174801281045116,0.58924389224915,0.571763764144638
13_10,FRA_2023_2,2,19,69,1,19,69,0.0290530121804322,0.58924389224915,0.618296904429582
13_109,FRA_2023_2,2,18,4,1,18,4,-0.0272240287051231,0.588157262711453,0.560933234006329
13_109,FRA_2023_2,2,19,75,1,19,75,0.0312459974226422,0.588157262711453,0.619403260134095
13_32,FRA_2023_2,2,20,71,0,20,71,-0.000504475835228925,0.586832215395613,0.586327739560384
13_32,FRA_2023_2,2,18,63,1,18,63,-0.00468121986338854,0.586832215395613,0.582150995532225
13_35,FRA_2023_2,2,17,9,1,17,9,0.0290190474280154,0.59175451718905,0.620773564617066
130,FRA_2023_2,2,18,84,1,18,84,0.001919432494222,0.587749543479346,0.589668975973568
130,FRA_2023_2,2,20,77,0,20,77,-0.000730677217738165,0.587749543479346,0.587018866261608
135,FRA_2023_2,2,19,50,1,19,50,0.0243066649223273,0.590481685067396,0.614788349989723
135,FRA_2023_2,2,20,15,0,20,15,-0.00413244204825365,0.590481685067396,0.586349243019143
141,FRA_2023_2,2,19,36,1,19,36,0.0186893387604834,0.59351546002678,0.612204798787263
141,FRA_2023_2,2,19,57,1,19,57,0.0225663816617639,0.59351546002678,0.616081841688544
1446,FRA_2023_2,2,19,71,1,19,71,0.027867703664114,0.590864284265554,0.618731987929668
1446,FRA_2023_2,2,20,30,0,20,30,-0.00503482477043391,0.590864284265554,0.58582945949512
1448,FRA_2023_2,2,21,14,0,21,14,0.00215660689454335,0.587888824097175,0.590045430991718
1478,FRA_2023_2,2,21,45,0,21,45,-0.00650452453144395,0.59227541214328,0.585770887611837
1478,FRA_2023_2,2,17,29,1,17,29,0.0391432358592129,0.59227541214328,0.631418648002493
15,FRA_2023_2,2,18,21,1,18,21,-0.0255036162460054,0.592626930366031,0.567123314120025
15,FRA_2023_2,2,17,70,1,17,70,0.0605850039918545,0.592626930366031,0.653211934357885
170,FRA_2023_2,2,20,28,0,20,28,-0.00103817483247068,0.586825581421794,0.585787406589323
170,FRA_2023_2,2,21,60,0,21,60,-0.00419361990272139,0.586825581421794,0.582631961519072
1870,FRA_2023_2,2,21,11,0,21,11,6.02610487592033e-05,0.590474399485513,0.590534660534273
1870,FRA_2023_2,2,19,84,1,19,84,0.0305842162397715,0.590474399485513,0.621058615725285
1870,FRA_2023_2,2,21,76,0,21,76,-0.0105208814315082,0.590474399485513,0.579953518054005
1872,FRA_2023_2,2,21,84,0,21,84,-0.00728575665499108,0.585934621944046,0.578648865289055
1872,FRA_2023_2,2,21,26,0,21,26,0.00216733882222276,0.585934621944046,0.588101960766269
1872,FRA_2023_2,2,21,78,0,21,78,-0.0063045942132432,0.585934621944046,0.579630027730803
1887,FRA_2023_2,2,21,36,0,21,36,-0.00092214357239238,0.587389714352704,0.586467570780311
1887,FRA_2023_2,2,20,68,0,20,68,-0.000389529479732508,0.587389714352704,0.587000184872971
192,FRA_2023_2,2,21,43,0,21,43,-0.00247879639066473,0.58707457956362,0.584595783172955
192,FRA_2023_2,2,20,52,0,20,52,-0.00102272705325641,0.58707457956362,0.586051852510363
1951,FRA_2023_2,2,21,7,0,21,7,0.00308563794157876,0.588096097113019,0.591181735054597
1951,FRA_2023_2,2,18,81,1,18,81,0.000511295158372893,0.588096097113019,0.588607392271392
1952,FRA_2023_2,2,21,59,0,21,59,-0.00962608798478107,0.592350653658727,0.582724565673946
1952,FRA_2023_2,2,17,36,1,17,36,0.0427876475279378,0.592350653658727,0.635138301186664
2003,FRA_2023_2,2,18,23,1,18,23,0.0881765004598013,0.479550363323666,0.567726863783467
2003,FRA_2023_2,2,17,45,0,17,45,-0.838856549463424,0.479550363323666,-0.359306186139758
202,FRA_2023_2,2,18,29,1,18,29,-0.0221993318746054,0.592174281238663,0.569974949364058
202,FRA_2023_2,2,17,57,1,17,57,0.054135291368018,0.592174281238663,0.646309572606682
206,FRA_2023_2,2,20,60,0,20,60,-0.0040734726071547,0.590285068140791,0.586211595533636
206,FRA_2023_2,2,19,41,1,19,41,0.0228814177211266,0.590285068140791,0.613166485861918
216,FRA_2023_2,2,20,1,0,20,1,-0.00176081762372307,0.58725971440469,0.585498896780967
216,FRA_2023_2,2,18,76,1,18,76,-0.000454216297951726,0.58725971440469,0.586805498106738
236,FRA_2023_2,2,17,19,1,17,19,0.0348654002274991,0.591136714977435,0.626002115204934
236,FRA_2023_2,2,21,65,0,21,65,-0.0101394186938876,0.591136714977435,0.580997296283547
249,FRA_2023_2,2,17,7,1,17,7,0.029253387782874,0.590453113486717,0.619706501269591
249,FRA_2023_2,2,18,79,1,18,79,-0.00256831699054971,0.590453113486717,0.587884796496168
249,FRA_2023_2,2,20,65,0,20,65,-0.00500782264211212,0.590453113486717,0.585445290844605
249,FRA_2023_2,2,21,22,0,21,22,-0.00170156726296963,0.590453113486717,0.588751546223748
25,FRA_2023_2,2,21,18,0,21,18,-0.00466158714034076,0.594071262179757,0.589409675039416
25,FRA_2023_2,2,19,22,1,19,22,0.0155546930942707,0.594071262179757,0.609625955274028
25,FRA_2023_2,2,17,44,1,17,44,0.0454019071907097,0.594071262179757,0.639473169370467
25,FRA_2023_2,2,21,58,0,21,58,-0.0111770610532216,0.594071262179757,0.582894201126535
26,FRA_2023_2,2,18,64,1,18,64,-0.0117794812668732,0.594293736081109,0.582514254814236
26,FRA_2023_2,2,21,40,0,21,40,-0.00847413861057184,0.594293736081109,0.585819597470537
26,FRA_2023_2,2,17,85,1,17,85,0.0669175281022865,0.594293736081109,0.661211264183396
262,FRA_2023_2,2,17,65,2,17,65,0.928603044406646,0.721210946821681,1.64981399122833
2625,FRA_2023_2,2,17,81,1,17,81,0.0582572494962914,0.60082479105012,0.659082040546411
2625,FRA_2023_2,2,17,35,1,17,35,0.0337905191531145,0.60082479105012,0.634615310203234
2651,FRA_2023_2,2,18,46,1,18,46,-0.00798188382457044,0.584044450047864,0.576062566223293
2651,FRA_2023_2,2,18,22,1,18,22,-0.0165758052256635,0.584044450047864,0.5674686448222
2652,FRA_2023_2,2,20,24,0,20,24,-0.00466114072615725,0.59039578232219,0.585734641596033
2652,FRA_2023_2,2,19,45,1,19,45,0.0242384312183973,0.59039578232219,0.614634213540587
267,FRA_2023_2,2,19,48,1,19,48,0.0240039446047931,0.590480087983085,0.614484032587878
267,FRA_2023_2,2,21,35,0,21,35,-0.00384081976186379,0.590480087983085,0.586639268221222
2722,FRA_2023_2,2,20,75,0,20,75,-0.0011138579968593,0.587418181322846,0.586304323325987
2784,FRA_2023_2,2,17,18,1,17,18,0.0266088707830899,0.598967143080614,0.625576013863704
2784,FRA_2023_2,2,17,86,1,17,86,0.0626088742148019,0.598967143080614,0.661576017295416
2784,FRA_2023_2,2,18,82,1,18,82,-0.0100786467801515,0.598967143080614,0.588888496300462
2796,FRA_2023_2,2,17,54,1,17,54,0.0446158213467655,0.600098152800465,0.64471397414723
2796,FRA_2023_2,2,17,10,1,17,10,0.0212228448108651,0.600098152800465,0.62132099761133
2796,FRA_2023_2,2,19,85,1,19,85,0.021159742310613,0.600098152800465,0.621257895111078
2810,FRA_2023_2,2,21,61,0,21,61,0.104886165386931,0.478178056377487,0.583064221764418
2810,FRA_2023_2,2,19,37,0,19,37,-0.86510228279,0.478178056377487,-0.386924226412513
2823,FRA_2023_2,2,19,62,1,19,62,0.0268990853657018,0.590863830363003,0.617762915728705
2823,FRA_2023_2,2,21,34,0,21,34,-0.00406936061023213,0.590863830363003,0.586794469752771
2831,FRA_2023_2,2,21,83,0,21,83,-0.00760353713211254,0.586422686450804,0.578819149318692
2831,FRA_2023_2,2,20,61,0,20,61,0.000394841437302601,0.586422686450804,0.586817527888107
2831,FRA_2023_2,2,20,6,0,20,6,-0.000822789016337417,0.586422686450804,0.585599897434467
2836,FRA_2023_2,2,21,51,0,21,51,-0.00545034696666237,0.589479642528781,0.584029295562119
2836,FRA_2023_2,2,19,14,1,19,14,0.0186614438331021,0.589479642528781,0.608141086361883
2849,FRA_2023_2,2,21,1,0,21,1,0.00449016222810006,0.587675754809103,0.592165917037203
2849,FRA_2023_2,2,21,52,0,21,52,-0.00381415944369148,0.587675754809103,0.583861595365411
2855,FRA_2023_2,2,19,54,1,19,54,0.0244336320421584,0.59109464384067,0.615528275882829
2856,FRA_2023_2,2,17,22,1,17,22,0.0356037169645504,0.592092921761065,0.627696638725615
2856,FRA_2023_2,2,18,77,1,18,77,-0.0042331189928313,0.592092921761065,0.587859802768233
286,FRA_2023_2,2,21,46,0,21,46,-0.00501787975418731,0.589858955745275,0.584841075991088
286,FRA_2023_2,2,19,28,1,19,28,0.0208647985753108,0.589858955745275,0.610723754320586
2872,FRA_2023_2,2,19,47,1,19,47,0.0260018779503138,0.588232095697452,0.614233973647766
2872,FRA_2023_2,2,18,20,1,18,20,-0.0214598998609756,0.588232095697452,0.566772195836476
29,FRA_2023_2,2,20,50,0,20,50,-0.00359137982859617,0.58962259574166,0.586031215913064
29,FRA_2023_2,2,19,10,1,19,10,0.0177958489283647,0.58962259574166,0.607418444670025
290,FRA_2023_2,2,18,3,1,18,3,-0.0273549244803575,0.588023228698853,0.560668304218495
290,FRA_2023_2,2,19,70,1,19,70,0.0304454998856409,0.588023228698853,0.618468728584494
2971,FRA_2023_2,2,17,68,0,17,68,-0.83841817299394,0.49135010724001,-0.347068065753929
2971,FRA_2023_2,2,21,82,0,21,82,0.0875603110335686,0.49135010724001,0.578910418273579
2971,FRA_2023_2,2,18,37,1,18,37,0.0821734374746845,0.49135010724001,0.573523544714695
2974,FRA_2023_2,2,19,30,1,19,30,0.0139712671299568,0.597141884307411,0.611113151437368
2974,FRA_2023_2,2,18,74,1,18,74,-0.0110385252742244,0.597141884307411,0.586103359033187
2974,FRA_2023_2,2,17,84,1,17,84,0.0635227562706302,0.597141884307411,0.660664640578041
2975,FRA_2023_2,2,20,85,0,20,85,-0.000695527642300676,0.587117764848871,0.58642223720657
2975,FRA_2023_2,2,20,63,0,20,63,-0.000944886747228398,0.587117764848871,0.586172878101642
2975,FRA_2023_2,2,20,7,0,20,7,-0.00156101742026463,0.587117764848871,0.585556747428606
2980,FRA_2023_2,2,19,32,1,19,32,0.00890316468473651,0.602590894514945,0.611494059199681
2980,FRA_2023_2,2,17,46,1,17,46,0.0378677961541863,0.602590894514945,0.640458690669131
2980,FRA_2023_2,2,17,83,1,17,83,0.0575493416542909,0.602590894514945,0.660140236169236
2997,FRA_2023_2,2,21,67,0,21,67,-0.00525840413673169,0.586673400497992,0.581414996361261
2997,FRA_2023_2,2,20,23,0,20,23,-0.0010308855725263,0.586673400497992,0.585642514925466
30,FRA_2023_2,2,18,26,1,18,26,-0.0233375127872952,0.592240637412863,0.568903124625567
30,FRA_2023_2,2,17,60,1,17,60,0.0557345768591369,0.592240637412863,0.647975214271999
3013,FRA_2023_2,2,21,44,0,21,44,-0.00750667542006528,0.59275160697115,0.585244931551085
3013,FRA_2023_2,2,17,38,1,17,38,0.0434544324847763,0.59275160697115,0.636206039455927
3026,FRA_2023_2,2,19,65,1,19,65,0.026140221190557,0.590667285365186,0.616807506555744
3026,FRA_2023_2,2,21,39,0,21,39,-0.00467627436688709,0.590667285365186,0.585991010998299
308,FRA_2023_2,2,19,16,1,19,16,0.0187490061107732,0.58976232952696,0.608511335637733
308,FRA_2023_2,2,20,64,0,20,64,-0.0035735363627571,0.58976232952696,0.586188793164203
32,FRA_2023_2,2,19,51,1,19,51,0.024566722640371,0.590409964143293,0.614976686783664
32,FRA_2023_2,2,20,2,0,20,2,-0.00489088362992384,0.590409964143293,0.585519080513369
323,FRA_2023_2,2,17,80,1,17,80,0.0664560140383141,0.59207936628173,0.658535380320044
323,FRA_2023_2,2,18,31,1,18,31,-0.0212711110256338,0.59207936628173,0.570808255256096
323,FRA_2023_2,2,21,86,0,21,86,-0.0139085011524665,0.59207936628173,0.578170865129264
324,FRA_2023_2,2,17,42,1,17,42,0.0415584957376773,0.596788482539805,0.638346978277482
324,FRA_2023_2,2,19,74,1,19,74,0.0224412373444615,0.596788482539805,0.619229719884267
327,FRA_2023_2,2,20,40,0,20,40,-0.00504452508720473,0.590970314413185,0.58592578932598
327,FRA_2023_2,2,19,76,1,19,76,0.0286142003244652,0.590970314413185,0.61958451473765
334,FRA_2023_2,2,20,80,0,20,80,-0.000902895526422004,0.587254330516033,0.586351434989611
334,FRA_2023_2,2,20,38,0,20,38,-0.00134955067435642,0.587254330516033,0.585904779841676
338,FRA_2023_2,2,20,5,0,20,5,-0.00814062825587124,0.593674075863271,0.585533447607399
338,FRA_2023_2,2,17,53,1,17,53,0.050498559426394,0.593674075863271,0.644172635289665
37,FRA_2023_2,2,20,42,0,20,42,-0.00129877954765751,0.587260432931323,0.585961653383665
37,FRA_2023_2,2,20,79,0,20,79,-0.000911261380913385,0.587260432931323,0.586349171550409
410,FRA_2023_2,2,18,30,1,18,30,-0.0186773288258291,0.589022546650754,0.570345217824925
410,FRA_2023_2,2,19,66,1,19,66,0.0287120972694593,0.589022546650754,0.617734643920214
440,FRA_2023_2,2,20,41,0,20,41,-0.00125534184653704,0.58722774259851,0.585972400751973
440,FRA_2023_2,2,20,51,0,20,51,-0.00118186199961002,0.58722774259851,0.5860458805989
445,FRA_2023_2,2,20,17,0,20,17,0.103038655870452,0.482556516559749,0.585595172430202
445,FRA_2023_2,2,17,62,0,17,62,-0.832829148817873,0.482556516559749,-0.350272632258124
465,FRA_2023_2,2,19,40,1,19,40,0.0224597107136175,0.590486491615559,0.612946202329176
465,FRA_2023_2,2,18,80,1,18,80,-0.00225208746058847,0.590486491615559,0.58823440415497
472,FRA_2023_2,2,21,54,0,21,54,-0.00593962804298207,0.589478480054129,0.583538852011147
472,FRA_2023_2,2,19,17,1,19,17,0.0191426469514832,0.589478480054129,0.608621127005612
491,FRA_2023_2,2,21,66,0,21,66,-0.00397944248897304,0.585556531917823,0.58157708942885
491,FRA_2023_2,2,20,84,0,20,84,0.000840098012536489,0.585556531917823,0.58639662993036
491,FRA_2023_2,2,18,42,1,18,42,-0.0109109896575754,0.585556531917823,0.574645542260248
50,FRA_2023_2,2,18,86,1,18,86,0.00270045487830561,0.58753255359302,0.590233008471325
50,FRA_2023_2,2,20,76,0,20,76,-0.00122064777317267,0.58753255359302,0.586311905819847
50,FRA_2023_2,2,20,21,0,20,21,-0.00179889991158637,0.58753255359302,0.585733653681433
508,FRA_2023_2,2,21,4,0,21,4,0.00429143000933661,0.587302999060207,0.591594429069543
508,FRA_2023_2,2,21,69,0,21,69,-0.00620568177960612,0.587302999060207,0.581097317280601
51,FRA_2023_2,2,17,58,1,17,58,0.0478666902159112,0.598981386789305,0.646848077005216
51,FRA_2023_2,2,17,27,1,17,27,0.0313713865727071,0.598981386789305,0.630352773362012
515,FRA_2023_2,2,18,8,1,18,8,-0.0217044090337863,0.584150125111437,0.562445716077651
515,FRA_2023_2,2,21,68,0,21,68,-0.00211895112802963,0.584150125111437,0.582031173983408
52,FRA_2023_2,2,19,77,1,19,77,0.0294124167377342,0.591052730551386,0.62046514728912
52,FRA_2023_2,2,20,27,0,20,27,-0.00527003731553025,0.591052730551386,0.585782693235856
522,FRA_2023_2,2,19,53,1,19,53,0.0263415350952171,0.588992746147425,0.615334281242642
522,FRA_2023_2,2,18,36,1,18,36,-0.0165138483390195,0.588992746147425,0.572478897808405
533,FRA_2023_2,2,18,35,1,18,35,-0.0136491655876489,0.585778744518674,0.572129578931025
533,FRA_2023_2,2,20,62,0,20,62,0.00114297182750371,0.585778744518674,0.586921716346177
549,FRA_2023_2,2,17,16,1,17,16,0.0292957305873618,0.595202223246401,0.624497953833763
549,FRA_2023_2,2,19,68,1,19,68,0.0236811936667039,0.595202223246401,0.618883416913105
567,FRA_2023_2,2,17,4,1,17,4,0.0272135204343136,0.590821609593145,0.618035130027458
567,FRA_2023_2,2,18,72,1,18,72,-0.00467718496057201,0.590821609593145,0.586144424632573
570,FRA_2023_2,2,18,18,1,18,18,-0.0264054549544157,0.59244816333341,0.566042708378995
570,FRA_2023_2,2,17,69,1,17,69,0.0602446026493926,0.59244816333341,0.652692765982803
577,FRA_2023_2,2,17,64,1,17,64,0.0546005962189621,0.595435880999514,0.650036477218476
629,FRA_2023_2,2,18,17,1,18,17,-0.0272183115224938,0.592813767553197,0.565595456030703
629,FRA_2023_2,2,17,76,1,17,76,0.0635980182787773,0.592813767553197,0.656411785831974
65,FRA_2023_2,2,19,6,1,19,6,-0.067209941892725,0.673925400749437,0.606715458856712
65,FRA_2023_2,2,17,48,1,17,48,-0.0323397351965122,0.673925400749437,0.641585665552925
65,FRA_2023_2,2,17,71,1,17,71,-0.0201028628261126,0.673925400749437,0.653822537923324
65,FRA_2023_2,2,20,44,0,20,44,-0.0878795889150551,0.673925400749437,0.586045811834382
65,FRA_2023_2,2,18,60,1,18,60,-0.0927777204425748,0.673925400749437,0.581147680306862
65,FRA_2023_2,2,18,43,2,18,43,0.900328823690223,0.673925400749437,1.57425422443966
676,FRA_2023_2,2,20,29,0,20,29,-0.00140584201489829,0.587212377259888,0.58580653524499
676,FRA_2023_2,2,20,48,0,20,48,-0.00113813453285392,0.587212377259888,0.586074242727034
739,FRA_2023_2,2,19,58,1,19,58,0.0216051130812353,0.594667888787248,0.616273001868483
739,FRA_2023_2,2,18,75,1,18,75,-0.00821731739409004,0.594667888787248,0.586450571393158
739,FRA_2023_2,2,17,33,1,17,33,0.0388704390312937,0.594667888787248,0.633538327818541
739,FRA_2023_2,2,21,55,0,21,55,-0.0112868997226121,0.594667888787248,0.583380989064635
739,FRA_2023_2,2,20,25,0,20,25,-0.00887658540261649,0.594667888787248,0.585791303384631
739,FRA_2023_2,2,19,34,1,19,34,0.0171691205479563,0.594667888787248,0.611837009335204
740,FRA_2023_2,2,19,15,1,19,15,0.0158261823427132,0.593201671042121,0.609027853384834
740,FRA_2023_2,2,19,59,1,19,59,0.0232490395919085,0.593201671042121,0.616450710634029
748,FRA_2023_2,2,21,37,0,21,37,-0.00035153269497749,0.587342734062927,0.586991201367949
748,FRA_2023_2,2,20,53,0,20,53,-0.00128660322173269,0.587342734062927,0.586056130841194
757,FRA_2023_2,2,18,44,1,18,44,-0.0159917782700392,0.591416167409241,0.575424389139202
757,FRA_2023_2,2,17,34,1,17,34,0.0426596559016861,0.591416167409241,0.634075823310927
764,FRA_2023_2,2,20,37,0,20,37,-0.00458296040167185,0.591159337305413,0.586576376903742
764,FRA_2023_2,2,19,82,1,19,82,0.0294661429664065,0.591159337305413,0.62062548027182
779,FRA_2023_2,2,19,29,1,19,29,0.017075186266082,0.593841368815617,0.610916555081699
779,FRA_2023_2,2,18,69,1,18,69,-0.00953918578741431,0.593841368815617,0.584302183028203
779,FRA_2023_2,2,17,26,1,17,26,0.0359844381328969,0.593841368815617,0.629825806948514
7828,FRA_2023_2,2,21,8,0,21,8,0.00418638760129496,0.586836458281556,0.591022845882851
7828,FRA_2023_2,2,18,50,1,18,50,-0.00934259977170226,0.586836458281556,0.577493858509854
787,FRA_2023_2,2,17,3,1,17,3,0.0271696741558609,0.590426853979251,0.617596528135112
787,FRA_2023_2,2,21,57,0,21,57,-0.00737646881465266,0.590426853979251,0.583050385164599
810,FRA_2023_2,2,19,39,1,19,39,0.0148631486487686,0.597907122994916,0.612770271643685
810,FRA_2023_2,2,17,73,1,17,73,0.0569099414975658,0.597907122994916,0.654817064492482
94,FRA_2023_2,2,20,20,0,20,20,-0.00873895803189103,0.594468837639371,0.58572987960748
94,FRA_2023_2,2,17,66,1,17,66,0.0566196351735407,0.594468837639371,0.651088472812911
953,FRA_2023_2,2,21,5,0,21,5,-0.00343093219413686,0.594936711637612,0.591505779443475
953,FRA_2023_2,2,17,63,1,17,63,0.0545628341889248,0.594936711637612,0.649499545826537
ACW_25363,FRA_2023_2,2,21,23,0,21,23,0.00173381950080817,0.58675492936924,0.588488748870048
ACW_25363,FRA_2023_2,2,21,80,0,21,80,-0.00745657058333253,0.58675492936924,0.579298358785907
ACW_25365,FRA_2023_2,2,19,11,1,19,11,0.0186799190708592,0.588908364203958,0.607588283274817
ACW_25365,FRA_2023_2,2,21,79,0,21,79,-0.00943859674778974,0.588908364203958,0.579469767456168
ACW_25371,FRA_2023_2,2,19,7,1,19,7,0.0172892292260751,0.589556751729605,0.60684598095568
ACW_25371,FRA_2023_2,2,20,49,0,20,49,-0.00354230572454274,0.589556751729605,0.586014446005062
ACW_25586,FRA_2023_2,2,18,45,1,18,45,-0.0136943024953222,0.59016566401709,0.576471361521767
ACW_25586,FRA_2023_2,2,17,11,1,17,11,0.0316725164081472,0.59016566401709,0.621838180425237
ACW_25619,FRA_2023_2,2,21,73,0,21,73,-0.00890468082698266,0.589347542859477,0.580442862032495
ACW_25619,FRA_2023_2,2,19,27,1,19,27,0.0211978260022723,0.589347542859477,0.61054536886175
ACW_25628,FRA_2023_2,2,20,73,0,20,73,0.000970899254963306,0.585309334214813,0.586280233469776
ACW_25628,FRA_2023_2,2,18,25,1,18,25,-0.0167389935523667,0.585309334214813,0.568570340662446
DLO_12_120,FRA_2023_2,2,21,2,0,21,2,0.00450011169269709,0.58751231697187,0.592012428664567
DLO_12_120,FRA_2023_2,2,18,62,1,18,62,-0.00495982741444889,0.58751231697187,0.582552489557421
DLO_12_141,FRA_2023_2,2,21,16,0,21,16,0.00190918507034634,0.587811806777403,0.58972099184775
DLO_12_141,FRA_2023_2,2,18,78,1,18,78,-0.000287766335657969,0.587811806777403,0.587524040441745
DLO_12_259,FRA_2023_2,2,17,2,1,17,2,0.0263400097906034,0.5907237429938,0.617063752784403
DLO_12_259,FRA_2023_2,2,20,69,0,20,69,-0.00448374271407592,0.5907237429938,0.586240000279724
FuGa_015,FRA_2023_2,2,21,85,0,21,85,-0.0168068131355025,0.595307613591414,0.578500800455911
FuGa_015,FRA_2023_2,2,17,61,1,17,61,0.0537945493635192,0.595307613591414,0.649102162954933
FuGa_015,FRA_2023_2,2,19,35,1,19,35,0.0167215384243921,0.595307613591414,0.612029152015806
FuGa_140,FRA_2023_2,2,17,77,0,17,77,-0.743069092500628,0.40070885510413,-0.342360237396498
FuGa_140,FRA_2023_2,2,19,86,1,19,86,0.220566448899331,0.40070885510413,0.621275304003461
FuGa_140,FRA_2023_2,2,17,15,0,17,15,-0.77604172773241,0.40070885510413,-0.37533287262828
FuGa_243,FRA_2023_2,2,18,15,1,18,15,-0.018507178940933,0.584162017141706,0.565654838200773
FuGa_243,FRA_2023_2,2,18,54,1,18,54,-0.00523354430473044,0.584162017141706,0.578928472836975
FuGa_352,FRA_2023_2,2,18,59,1,18,59,-0.00599629618209496,0.586715564316001,0.580719268133906
FuPi_052,FRA_2023_2,2,21,41,0,21,41,-0.00794061738012655,0.59363315416986,0.585692536789733
FuPi_052,FRA_2023_2,2,17,52,1,17,52,0.0500141864635293,0.59363315416986,0.643647340633389
FuPi_087,FRA_2023_2,2,20,4,0,20,4,0.106511229612957,0.478937195515469,0.585448425128426
FuPi_087,FRA_2023_2,2,19,61,0,19,61,-0.861452140354243,0.478937195515469,-0.382514944838774
FuPi_097,FRA_2023_2,2,21,28,0,21,28,0.0011383073373876,0.586626972669586,0.587765280006974
FuPi_097,FRA_2023_2,2,18,56,1,18,56,-0.00775022089443289,0.586626972669586,0.578876751775153
FuPi_107,FRA_2023_2,2,20,10,0,20,10,-0.00130305671837777,0.586911251546852,0.585608194828475
FuPi_107,FRA_2023_2,2,18,67,1,18,67,-0.00333342209669829,0.586911251546852,0.583577829450154
GaCr_055,FRA_2023_2,2,20,81,0,20,81,-0.00154452447157991,0.587921603357972,0.586377078886392
GaCr_055,FRA_2023_2,2,21,3,0,21,3,0.00392891223826429,0.587921603357972,0.591850515596236
GaCr_061,FRA_2023_2,2,17,56,2,17,56,0.934237442167045,0.710772155136051,1.6450095973031
GaCr_061,FRA_2023_2,2,17,31,1,17,31,-0.0781728570307037,0.710772155136051,0.632599298105348
GaPi_007,FRA_2023_2,2,17,12,1,17,12,0.0304141658309527,0.591955284485896,0.622369450316849
GaPi_014,FRA_2023_2,2,17,13,1,17,13,0.0308811988815814,0.592022493808714,0.622903692690295
GaPi_017,FRA_2023_2,2,18,51,1,18,51,-0.0102299624504296,0.588085829862478,0.577855867412048
GaPi_017,FRA_2023_2,2,19,80,1,19,80,0.032232902483588,0.588085829862478,0.620318732346066
GaPi_017,FRA_2023_2,2,18,28,1,18,28,-0.0184773533646319,0.588085829862478,0.569608476497846
GaPi_023,FRA_2023_2,2,18,19,1,18,19,-0.018605827012026,0.584900964627625,0.566295137615599
GaPi_028,FRA_2023_2,2,17,79,1,17,79,0.0615728617690831,0.596439238782223,0.658012100551306
GaPi_033,FRA_2023_2,2,18,7,1,18,7,-0.022287550001395,0.584371138936305,0.56208358893491
GaPi_035,FRA_2023_2,2,21,21,0,21,21,0.00117908060935509,0.587748151227073,0.588927231836428
GaPi_038,FRA_2023_2,2,20,8,0,20,8,-0.00175446336720438,0.587325993729106,0.585571530361902
GaPi_051,FRA_2023_2,2,20,46,0,20,46,-0.00122147010565134,0.587210770594683,0.585989300489032
GaPi_051,FRA_2023_2,2,20,35,0,20,35,-0.00133367105023186,0.587210770594683,0.585877099544451
GaPi_056,FRA_2023_2,2,21,49,0,21,49,-0.00816549992320916,0.592510705107409,0.5843452051842
GaPi_056,FRA_2023_2,2,19,9,1,19,9,0.0147076507774747,0.592510705107409,0.607218355884884
GaPi_056,FRA_2023_2,2,17,8,1,17,8,0.0277315954094468,0.592510705107409,0.620242300516856
I_BB015,FRA_2023_2,2,19,72,1,19,72,0.0244528074957288,0.595165322207998,0.619618129703726
I_BB015,FRA_2023_2,2,17,14,1,17,14,0.0282676939316461,0.595165322207998,0.623433016139644
I_BB022,FRA_2023_2,2,21,81,0,21,81,-0.010032706223071,0.589183036796275,0.579150330573203
I_BB022,FRA_2023_2,2,19,26,1,19,26,0.02118270986199,0.589183036796275,0.610365746658265
I_BB031,FRA_2023_2,2,19,49,1,19,49,0.0241850751727974,0.590412832800942,0.61459790797374
I_BB031,FRA_2023_2,2,20,39,0,20,39,-0.00448930205385511,0.590412832800942,0.585923530747087
I_BB049,FRA_2023_2,2,21,50,0,21,50,-0.00784990437635362,0.59203820736065,0.584188302984297
I_BB049,FRA_2023_2,2,17,28,1,17,28,0.0388402956703764,0.59203820736065,0.630878503031027
I_BB056,FRA_2023_2,2,17,6,1,17,6,0.0282794858175985,0.590949149143878,0.619228634961476
I_BB056,FRA_2023_2,2,20,55,0,20,55,-0.00485688660904289,0.590949149143878,0.586092262534835
I_CC052,FRA_2023_2,2,18,66,1,18,66,-0.00364105423794281,0.586859960426578,0.583218906188635
I_CC052,FRA_2023_2,2,21,42,0,21,42,-0.00135184311205544,0.586859960426578,0.585508117314522
I_CC055,FRA_2023_2,2,20,86,0,20,86,-0.00426086933763194,0.590526843326953,0.586265973989321
I_CC055,FRA_2023_2,2,21,20,0,21,20,-0.00142971345932126,0.590526843326953,0.589097129867631
I_CC055,FRA_2023_2,2,19,60,1,19,60,0.0261786073705141,0.590526843326953,0.616705450697467
I_J036,FRA_2023_2,2,18,57,1,18,57,-0.0088405351583063,0.588843590127988,0.580003054969682
I_J036,FRA_2023_2,2,19,5,1,19,5,0.017631746796824,0.588843590127988,0.606475336924812
I_M026,FRA_2023_2,2,20,31,0,20,31,-0.00128900393796279,0.587234156653331,0.585945152715368
I_M026,FRA_2023_2,2,20,59,0,20,59,-0.00110362907389447,0.587234156653331,0.586130527579436
I_M029,FRA_2023_2,2,17,55,1,17,55,0.0470510659971648,0.59819973363838,0.645250799635545
I_M029,FRA_2023_2,2,17,17,1,17,17,0.0267553557724259,0.59819973363838,0.624955089410806
I_M048,FRA_2023_2,2,17,49,1,17,49,0.0485882045419326,0.59345868061261,0.642046885154543
I_M048,FRA_2023_2,2,20,22,0,20,22,-0.00772704043866828,0.59345868061261,0.585731640173942
I_W002,FRA_2023_2,2,21,12,0,21,12,0.00263046470195911,0.587740777304953,0.590371242006912
I_W002,FRA_2023_2,2,20,70,0,20,70,-0.00150262498000419,0.587740777304953,0.586238152324949
I_W010,FRA_2023_2,2,18,48,1,18,48,-0.0069284477145608,0.5837706446065,0.576842196891939
I_W010,FRA_2023_2,2,18,13,1,18,13,-0.0195318968780505,0.5837706446065,0.564238747728449
I_W036,FRA_2023_2,2,20,19,0,20,19,-0.00464722930919534,0.590247394905332,0.585600165596137
I_W036,FRA_2023_2,2,19,64,1,19,64,0.0271299418604475,0.590247394905332,0.61737733676578
I_W036,FRA_2023_2,2,20,82,0,20,82,-0.00393655620922087,0.590247394905332,0.586310838696111
I_W045,FRA_2023_2,2,18,58,1,18,58,-0.00483894312256084,0.585206830381507,0.580367887258946
I_W045,FRA_2023_2,2,18,39,1,18,39,-0.0116414433980476,0.585206830381507,0.573565386983459
JoPr_1990_102_108,FRA_2023_2,2,18,53,1,18,53,-0.00808951768218913,0.586650323770233,0.578560806088044
JoPr_1990_102_108,FRA_2023_2,2,21,25,0,21,25,0.00163986934838205,0.586650323770233,0.588290193118615
JoPr_1990_102_169,FRA_2023_2,2,17,74,1,17,74,0.0599964429262881,0.59536585961194,0.655362302538228
JoPr_1990_102_169,FRA_2023_2,2,21,17,0,21,17,-0.00588242060625704,0.59536585961194,0.589483439005683
Modi,FRA_2023_2,2,20,14,0,20,14,0.00194053380502547,0.583695614296006,0.585636148101032
Modi,FRA_2023_2,2,18,27,1,18,27,-0.0144391953620153,0.583695614296006,0.569256418933991
Modi,FRA_2023_2,2,18,70,1,18,70,0.000952064997175817,0.583695614296006,0.584647679293182
Modi,FRA_2023_2,2,18,55,1,18,55,-0.00440398807948417,0.583695614296006,0.579291626216522
Modi,FRA_2023_2,2,18,40,1,18,40,-0.0097806245205585,0.583695614296006,0.573914989775448
Modi,FRA_2023_2,2,21,56,0,21,56,-0.00125051599917376,0.583695614296006,0.582445098296832
NOVADI_0010,FRA_2023_2,2,21,29,0,21,29,2.82044583391195e-05,0.58758253209872,0.587610736557059
NOVADI_0023,FRA_2023_2,2,21,31,0,21,31,-0.000154263820958109,0.587556273636989,0.587402009816031
NOVADI_0042,FRA_2023_2,2,19,67,1,19,67,0.0303516257031231,0.5875682693686,0.617919895071723
NOVADI_0042,FRA_2023_2,2,21,75,0,21,75,-0.00744866169894527,0.5875682693686,0.580119607669654
NOVADI_0042,FRA_2023_2,2,18,14,1,18,14,-0.022973870295347,0.5875682693686,0.564594399073253
NOVADI_0256,FRA_2023_2,2,21,24,0,21,24,0.000784427115457249,0.587622776319881,0.588407203435339
NOVADI_0256,FRA_2023_2,2,21,32,0,21,32,-0.000476568278960122,0.587622776319881,0.587146208040921
NOVADI_0286,FRA_2023_2,2,18,71,1,18,71,-0.00445585007665295,0.589540460825125,0.585084610748472
NOVADI_0286,FRA_2023_2,2,19,23,1,19,23,0.0201700413054678,0.589540460825125,0.609710502130593
NOVADI_0286,FRA_2023_2,2,21,30,0,21,30,-0.00208047212359958,0.589540460825125,0.587459988701526
NOVADI_0296,FRA_2023_2,2,18,65,1,18,65,-0.00454980455515663,0.586667901269283,0.582118096714127
NOVADI_0296,FRA_2023_2,2,20,18,0,20,18,-0.000972820700254784,0.586667901269283,0.585695080569029
NOVADI_0296,FRA_2023_2,2,20,32,0,20,32,-0.000804878223193529,0.586667901269283,0.58586302304609
NOVADI_0329,FRA_2023_2,2,17,21,1,17,21,0.0354941241241666,0.591683511794538,0.627177635918705
NOVADI_0329,FRA_2023_2,2,18,68,1,18,68,-0.00696848839291886,0.591683511794538,0.584715023401619
NOVADI_0330,FRA_2023_2,2,20,34,0,20,34,0.00133387839566122,0.584524750574217,0.585858628969878
NOVADI_0330,FRA_2023_2,2,21,53,0,21,53,-0.000832548986264429,0.584524750574217,0.583692201587953
NOVADI_0330,FRA_2023_2,2,18,9,1,18,9,-0.0217214425008774,0.584524750574217,0.562803308073339
NOVADI_0347,FRA_2023_2,2,21,9,0,21,9,0.00286819496595322,0.587991226598112,0.590859421564066
NOVADI_0356,FRA_2023_2,2,17,20,1,17,20,0.0319144403499555,0.59473840518051,0.626652845530465
NOVADI_0356,FRA_2023_2,2,19,38,1,19,38,0.0178394434512752,0.59473840518051,0.612577848631785
NOVADI_0371,FRA_2023_2,2,20,12,0,20,12,-0.00171679899027575,0.587331413896403,0.585614614906127
NOVADI_0622,FRA_2023_2,2,18,1,1,18,1,-0.0333445913358628,0.593286264366256,0.559941673030394
NOVADI_0622,FRA_2023_2,2,17,67,1,17,67,0.0583348038182264,0.593286264366256,0.651621068184483
NOVADI_0622,FRA_2023_2,2,19,13,1,19,13,0.0146728427553969,0.593286264366256,0.607959107121653
NOVADI_0731,FRA_2023_2,2,18,2,1,18,2,-0.0238387145371319,0.584147915509428,0.560309200972296
NOVADI_0766,FRA_2023_2,2,21,6,0,21,6,0.00213865111389252,0.589259906051608,0.5913985571655
NOVADI_0766,FRA_2023_2,2,18,47,1,18,47,-0.0128414402075567,0.589259906051608,0.576418465844051
NOVADI_0766,FRA_2023_2,2,19,33,1,19,33,0.022386952002647,0.589259906051608,0.611646858054255
NOVADI_0830,FRA_2023_2,2,19,24,1,19,24,0.0195801124802562,0.590396188426005,0.609976300906261
NOVADI_0980,FRA_2023_2,2,20,3,0,20,3,-0.00179003515058033,0.587320874700659,0.585530839550078
NOVADI_1015,FRA_2023_2,2,18,52,1,18,52,-0.0081906044649811,0.586399788005207,0.578209183540225
TeBr_022,FRA_2023_2,2,21,70,0,21,70,-0.00581924587703522,0.586741043093342,0.580921797216307
TeBr_071,FRA_2023_2,2,18,11,1,18,11,-0.0210313370889801,0.584551916761439,0.563520579672459
TeBr_263,FRA_2023_2,2,19,46,1,19,46,0.0261634060610871,0.587888340073557,0.614051746134644
TeBr_263,FRA_2023_2,2,18,12,1,18,12,-0.024010162614015,0.587888340073557,0.563878177459542
