snp_name,normalized_variable_importance,chromosome_number,position_in_bp
AX-115256481,0.593590517152473,2,13001464
AX-115616311,0.549589810847824,3,13261168
AX-115202109,0.596280270194238,5,28739939
AX-115312361,0.605391760762923,5,41064878
AX-115200639,0.546446189827481,12,27595894
AX-115617837,0.767203392363274,14,21474271
AX-115627666,0.809134738911592,14,23495878
AX-115404261,0.656098532697598,15,33170926
AX-115222585,0.613215141637006,15,33914037
AX-115618885,0.553220686793266,15,33998470
AX-115433387,0.592526109275946,15,35431156
