snp_name,count,chromosome_number,position_in_bp,ls_means_mlmm_neg_log10_p,ls_means_lm_r2,ls_means_rf_norm_var_import,ls_means_rf_r2,wiser_mlmm_neg_log10_p,wiser_lm_r2,wiser_rf_norm_var_import,wiser_rf_r2
AX-115661390,1,1,26940724,,,0.489,0.216,,,,
AX-115291004,2,3,8086745,,,0.976,0.243,,,0.865,0.306
AX-115335109,2,3,8140173,,,0.713,0.242,,,0.555,0.305
AX-115335132,2,3,8157434,,,0.725,0.243,,,0.554,0.304
AX-115655435,1,3,21702034,,,,,,,0.482,0.31
AX-115554001,2,3,21958966,,,0.518,0.24,,,0.854,0.318
AX-115554002,2,3,21960859,,,0.517,0.24,,,0.853,0.319
AX-115475782,2,3,21965249,,,0.544,0.24,,,0.866,0.319
AX-115212391,1,5,43993847,,,0.432,0.235,,,,
AX-115431581,2,7,22847141,6.76,0.158,,,8.24,0.212,,
AX-115219426,1,9,7666982,7.88,0.121,,,,,,
AX-115430778,1,11,12780235,6.93,0.0435,,,,,,
AX-115280418,1,16,554757,8.17,0.0415,,,,,,
